"F3 Value","F3 Quality","FC6 Value","FC6 Quality","P7 Value","P7 Quality","T8 Value","T8 Quality","F7 Value","F7 Quality","F8 Value","F8 Quality","T7 Value","T7 Quality","P8 Value","P8 Quality","AF4 Value","AF4 Quality","F4 Value","F4 Quality","AF3 Value","AF3 Quality","O2 Value","O2 Quality","O1 Value","O1 Quality","FC5 Value","FC5 Quality","X Value","X Quality","Y Value","Y Quality","Z Value","Z Quality","Unknown Value","Unknown Quality"
"-238","0","-271","0","-261","0","-171","0","-246","0","-365","0","-154","0","-276","0","-134","0","-293","0","-275","0","-235","0","-240","0","-62","0","22","0","23","0","?","0","45","0"
"-364","608","-444","0","-401","0","-163","0","-424","0","-708","0","-207","0","-591","0","-216","0","-409","0","-398","0","-382","0","-284","0","-194","0","24","0","23","0","?","0","45","0"
"-409","608","-491","0","-312","0","-166","0","-508","0","-747","0","-211","0","-458","0","-241","0","-451","0","-441","0","-405","0","-351","0","-223","4776","24","0","24","0","?","0","45","0"
"-436","608","-488","0","-262","0","-168","0","-524","0","-758","0","-213","0","-467","0","-239","0","-464","0","-451","2144","-430","0","-412","0","-223","4776","24","0","24","0","?","0","45","0"
"-373","608","-443","0","-392","0","-165","0","-434","2880","-705","0","-220","0","-514","0","-256","0","-427","0","-390","2144","-382","0","-352","0","-210","4776","24","0","24","0","?","0","45","0"
"-315","608","-424","0","-346","0","-165","0","-391","2880","-650","0","-220","0","-229","0","-265","0","-393","0","-328","2144","-267","0","-280","0","-208","4776","24","0","24","0","?","0","45","0"
"-342","608","-443","0","-229","5280","-173","0","-436","2880","-657","0","-221","0","-206","0","-251","0","-405","0","-330","2144","-266","0","-324","0","-216","4776","25","0","24","0","?","0","45","0"
"-370","608","-453","0","-327","5280","-166","0","-422","2880","-669","0","-230","0","-439","0","-270","0","-429","0","-323","2144","-388","0","-414","7632","-227","4776","25","0","24","0","?","0","45","0"
"-333","608","-403","0","-409","5280","-156","0","-348","2880","-606","0","-222","0","-459","0","-251","0","-390","0","-264","2144","-381","328","-367","7632","-215","4776","25","0","24","0","?","0","45","0"
"-309","608","-335","0","-363","5280","-163","0","-347","2880","-554","0","-223","0","-542","7208","-251","0","-350","0","-239","2144","-309","328","-263","7632","-209","4776","25","0","24","0","?","0","45","0"
"-318","608","-344","0","-365","5280","-164","8","-364","2880","-584","0","-232","0","-599","7208","-263","0","-374","0","-245","2144","-432","328","-359","7632","-208","4776","25","0","24","0","?","0","45","0"
"-340","608","-432","0","-405","5280","-155","8","-366","2880","-625","3280","-229","0","-315","7208","-253","0","-425","0","-245","2144","-521","328","-502","7632","-214","4776","25","0","24","0","?","0","45","0"
"-376","608","-468","0","-352","5280","-165","8","-420","2880","-628","3280","-228","0","-259","7208","-277","24","-448","0","-268","2144","-381","328","-421","7632","-239","4776","24","0","24","0","?","0","45","0"
"-369","608","-417","2152","-274","5280","-176","8","-442","2880","-616","3280","-226","0","-489","7208","-265","24","-412","0","-279","2144","-358","328","-311","7632","-234","4776","24","0","24","0","?","0","45","0"
"-353","608","-415","2152","-298","5280","-168","8","-399","2880","-625","3280","-226","0","-528","7208","-263","24","-400","6136","-263","2144","-483","328","-349","7632","-229","4776","24","0","24","0","?","0","45","0"
"-372","608","-455","2152","-305","5280","-169","8","-404","2880","-636","3288","-233","0","-385","7208","-285","24","-427","6136","-278","2144","-439","328","-341","7632","-240","4776","24","0","24","0","?","0","45","0"
"-380","608","-441","2152","-276","5280","-170","8","-450","2880","-625","3288","-243","0","-307","7208","-275","24","-430","6136","-319","2144","-298","328","-305","7632","-245","4776","24","0","24","0","?","0","45","0"
"-360","608","-385","2152","-331","5280","-171","8","-445","2880","-593","3288","-255","0","-447","7208","-290","24","-403","6136","-312","2144","-247","328","-359","7632","-255","4776","23","0","24","0","?","0","16","8"
"-355","608","-366","2152","-385","5280","-181","8","-443","2880","-573","3288","-252","0","-575","7208","-288","24","-390","6136","-297","2144","-306","328","-395","7632","-255","4776","23","0","24","0","?","0","17","8"
"-402","608","-405","2152","-324","5280","-173","8","-503","2880","-599","3288","-258","0","-422","7208","-296","24","-436","6136","-348","2144","-452","328","-389","7632","-276","4776","23","0","24","0","?","0","18","24"
"-426","608","-424","2152","-356","5280","-160","8","-540","2880","-619","3288","-281","0","-308","7208","-326","24","-467","6136","-387","2144","-494","328","-410","7632","-302","4776","23","0","24","0","?","0","19","16"
"-403","608","-410","2152","-464","5280","-168","8","-534","2880","-615","3288","-287","0","-516","7208","-326","24","-435","6136","-373","2144","-362","328","-455","7632","-299","4776","23","0","24","0","?","0","20","8"
"-413","608","-422","2152","-379","5280","-178","8","-554","2880","-623","3288","-302","0","-497","7208","-357","24","-443","6136","-388","2144","-298","328","-437","7632","-316","4776","23","0","24","0","?","0","21","24"
"-441","608","-448","2152","-301","5280","-174","8","-587","2880","-633","3288","-321","0","-228","7208","-368","24","-485","6136","-425","2144","-373","328","-413","7632","-347","4776","22","0","24","0","?","0","22","24"
"-473","608","-451","2152","-342","5280","-173","8","-611","2880","-645","3288","-338","0","-316","7208","-379","24","-508","6136","-460","2144","-437","328","-442","7632","-378","4776","22","0","24","0","?","0","23","16"
"-488","608","-438","2152","-367","5280","-180","8","-605","2880","-635","3288","-358","0","-502","7208","-420","24","-500","6136","-458","2144","-403","328","-400","7632","-401","4776","22","0","24","0","?","0","24","0"
"-421","608","-379","2152","-406","5280","-183","8","-549","2880","-564","3288","-372","0","-390","7208","-424","24","-441","6136","-385","2144","-338","328","-337","7632","-392","4776","22","0","24","0","?","0","25","24"
"-407","608","-342","2152","-397","5280","-182","8","-557","2880","-536","3288","-413","0","-416","7208","-480","24","-440","6136","-371","2144","-366","328","-441","7632","-430","4776","22","0","24","0","?","0","26","24"
"-506","608","-387","2152","-358","5280","-184","8","-637","2880","-592","3288","-489","0","-611","7208","-585","24","-524","6136","-446","2144","-418","328","-511","7632","-531","4776","22","0","24","0","?","0","27","8"
"-531","608","-411","2152","-436","5280","-194","8","-631","2880","-599","3288","-550","0","-427","7208","-673","24","-560","6136","-449","2144","-383","328","-422","7632","-608","4776","22","0","24","0","?","0","28","16"
"-497","608","-396","2152","-509","5280","-200","8","-585","2880","-564","3288","-616","0","-245","7208","-792","24","-561","6136","-409","2144","-339","328","-449","7632","-681","4776","22","0","24","0","?","0","29","24"
"-572","608","-422","2152","-426","5280","-213","8","-610","2880","-591","3288","-808","0","-311","7208","-1062","24","-653","6136","-442","2144","-379","328","-540","7632","-900","4776","22","0","24","0","?","0","30","0"
"-669","608","-422","2152","-379","5280","-222","8","-633","2880","-610","3288","-962","0","-324","7208","-1293","24","-744","6136","-473","2144","-393","328","-529","7632","-1093","4776","22","0","24","0","?","0","31","24"
"-616","608","-391","2152","-458","5280","-203","8","-647","2880","-589","3288","-722","0","-440","7208","-944","24","-644","6136","-454","2144","-353","328","-531","7632","-836","4776","22","0","24","0","?","0","32","8"
"-457","608","-398","2152","-460","5280","-178","8","-666","2880","-597","3288","-320","0","-474","7208","-317","24","-449","6136","-426","2144","-391","328","-508","7632","-352","4776","21","0","24","0","?","0","33","0"
"-347","608","-388","2152","-370","5280","-173","8","-635","2880","-597","3288","-207","0","-398","7208","-139","24","-355","6136","-393","2144","-400","328","-419","7632","-193","4776","21","0","24","0","?","0","34","8"
"-348","608","-376","2152","-300","5280","-170","8","-647","2880","-596","3288","-237","0","-442","7208","-177","24","-357","6136","-395","2144","-374","328","-384","7632","-231","4776","21","0","24","0","?","0","35","0"
"-364","608","-416","2152","-338","5280","-164","8","-698","2880","-626","3288","-188","0","-409","7208","-107","24","-360","6136","-422","2144","-398","328","-346","7632","-177","4776","21","0","24","0","?","0","36","16"
"-332","608","-430","2152","-407","5280","-162","8","-673","2880","-639","3288","-170","0","-349","7208","-68","24","-334","6136","-419","2144","-388","328","-305","7632","-139","4776","21","0","25","0","?","0","37","24"
"-327","608","-401","2152","-330","5280","-163","8","-665","2880","-632","3288","-207","0","-547","7208","-112","24","-326","6136","-417","2144","-364","328","-383","7632","-188","4776","21","0","25","0","?","0","38","8"
"-343","608","-398","2152","-254","5280","-170","8","-696","2880","-622","3288","-220","0","-507","7208","-153","24","-348","6136","-418","2144","-369","328","-412","7632","-218","4776","21","0","25","0","?","0","39","0"
"-319","608","-419","2152","-354","5280","-168","8","-664","2880","-612","3288","-210","0","-225","7208","-137","24","-348","6136","-399","2144","-332","328","-353","7632","-193","4776","21","0","25","0","?","0","40","24"
"-312","608","-405","2152","-441","5280","-163","8","-629","2880","-601","3288","-216","0","-428","7208","-153","24","-332","6136","-395","2144","-335","328","-363","7632","-193","4776","21","0","25","0","?","0","41","8"
"-357","608","-404","2152","-350","5280","-166","8","-683","2880","-624","3288","-225","0","-557","7208","-171","24","-349","6136","-425","2144","-421","328","-353","7632","-224","4776","21","0","25","0","?","0","42","24"
"-373","608","-425","2152","-309","5280","-167","8","-726","2880","-653","3288","-220","0","-316","7208","-153","24","-355","6136","-439","2144","-359","328","-327","7632","-233","4776","21","0","25","0","?","0","43","8"
"-333","608","-383","2152","-364","5280","-168","8","-685","2880","-616","3288","-227","0","-458","7208","-171","24","-326","6136","-408","2144","-264","328","-375","7632","-225","4776","21","0","24","0","?","0","44","8"
"-326","608","-364","2152","-315","5280","-165","8","-679","2880","-592","3288","-223","0","-631","7208","-159","24","-328","6136","-398","2144","-384","328","-383","7632","-215","4776","21","0","24","0","?","0","45","8"
"-378","608","-460","2152","-286","5280","-164","8","-720","2880","-647","3288","-215","0","-309","7208","-148","24","-391","6136","-442","2144","-493","328","-339","7632","-224","4776","21","0","24","0","?","0","46","8"
"-378","608","-490","2152","-378","5280","-162","8","-697","2880","-664","3288","-211","0","-235","7208","-142","24","-394","6136","-446","2144","-405","328","-372","7632","-218","4776","21","0","24","0","?","0","47","0"
"-337","608","-419","2152","-403","5280","-161","8","-667","2880","-623","3288","-197","0","-575","7208","-112","24","-345","6136","-407","2144","-315","328","-411","7632","-188","4776","21","0","24","0","?","0","48","8"
"-356","608","-419","2152","-352","5280","-163","8","-702","2880","-622","3288","-196","0","-546","7208","-125","24","-366","6136","-414","2144","-351","328","-401","7632","-189","4776","21","0","24","0","?","0","49","24"
"-396","608","-466","2152","-321","5280","-163","8","-739","2880","-658","3288","-193","0","-312","7208","-112","24","-397","6136","-448","2144","-444","328","-404","7632","-195","4776","21","0","24","0","?","0","50","0"
"-379","608","-454","2152","-265","5280","-162","8","-720","2880","-664","3288","-190","0","-296","7208","-99","24","-368","6136","-437","2144","-448","328","-396","7632","-189","4776","21","0","24","0","?","0","51","0"
"-317","608","-407","2152","-320","5280","-163","8","-653","2880","-624","3288","-189","0","-338","7208","-112","24","-323","6136","-384","2144","-340","328","-356","7632","-175","4776","20","0","24","0","?","0","52","0"
"-286","608","-370","2152","-440","5280","-168","8","-633","2880","-587","3288","-181","0","-440","7208","-90","24","-299","6136","-356","2144","-277","328","-316","7632","-158","4776","20","0","24","0","?","0","53","0"
"-329","608","-370","2152","-379","5280","-165","8","-695","2880","-601","3288","-184","0","-542","7208","-103","24","-323","6136","-385","2144","-316","328","-314","7632","-180","4776","20","0","24","0","?","0","54","16"
"-352","608","-382","2152","-259","5280","-157","8","-713","2880","-616","3288","-183","0","-447","7208","-98","24","-330","6136","-400","2144","-384","328","-355","7632","-192","4776","20","0","24","0","?","0","55","8"
"-320","608","-392","2152","-298","5280","-158","8","-669","2880","-619","3288","-180","0","-311","7208","-84","24","-318","6136","-383","2144","-408","328","-394","7632","-173","4776","20","0","24","0","?","0","56","16"
"-344","608","-435","2152","-319","5280","-160","8","-705","2880","-666","3288","-180","0","-303","7208","-103","24","-353","6136","-416","2144","-369","328","-385","7632","-181","4776","20","0","24","0","?","0","57","24"
"-366","608","-414","2152","-328","5280","-159","8","-744","2880","-647","3288","-172","0","-406","7208","-85","24","-345","6136","-436","2144","-309","328","-342","7632","-187","4776","20","0","24","0","?","0","58","16"
"-325","608","-348","2152","-404","5280","-160","8","-694","2880","-580","3288","-179","0","-454","7208","-96","24","-305","6136","-392","2144","-315","328","-356","7632","-177","4776","21","0","24","0","?","0","59","0"
"-326","608","-383","2152","-323","5280","-158","8","-699","2880","-642","3288","-179","0","-394","7208","-94","24","-332","6136","-398","2144","-370","328","-372","7632","-173","4776","21","0","24","0","?","0","60","0"
"-362","608","-427","2152","-208","5280","-158","8","-763","2880","-695","3288","-169","0","-377","7208","-78","24","-363","6136","-438","2144","-375","328","-350","7632","-187","4776","20","0","24","0","?","0","61","16"
"-348","608","-411","2152","-337","5280","-164","8","-754","2880","-639","3288","-174","0","-401","7208","-99","24","-349","6136","-413","2144","-330","328","-328","7632","-192","4776","20","0","25","0","?","0","62","0"
"-316","608","-418","2152","-453","5280","-162","8","-718","2880","-604","3288","-169","0","-393","7208","-83","24","-324","6136","-385","2144","-321","328","-350","7632","-169","4776","21","0","25","0","?","0","63","16"
"-337","608","-415","2152","-296","5280","-160","8","-748","2880","-614","3288","-172","0","-338","7208","-94","24","-324","6136","-417","2144","-384","328","-376","7632","-179","4776","21","0","25","0","?","0","63","16"
"-344","608","-386","2152","-199","5280","-163","8","-774","2880","-628","3288","-177","0","-347","7208","-99","24","-314","6136","-423","2144","-377","328","-301","7632","-186","4760","20","0","24","0","?","0","63","16"
"-303","608","-391","2152","-322","5280","-162","8","-750","2880","-652","3288","-169","0","-443","7208","-75","24","-294","6136","-389","2168","-262","328","-269","7632","-164","4760","20","0","24","0","?","0","63","16"
"-303","608","-394","2152","-379","5280","-163","8","-750","2936","-651","3288","-166","0","-438","7208","-93","24","-298","6136","-394","2168","-259","328","-385","7632","-175","4760","20","0","24","0","?","0","63","16"
"-312","608","-347","2152","-356","5280","-167","8","-739","2936","-610","3288","-163","16","-367","7208","-83","24","-274","6136","-392","2168","-358","328","-422","7632","-176","4760","21","0","24","0","?","0","63","16"
"-340","608","-363","2152","-284","5768","-164","8","-735","2936","-627","3288","-168","16","-320","7208","-85","24","-283","6136","-399","2168","-396","328","-343","7632","-175","4760","21","0","24","0","?","0","63","16"
"-411","608","-452","2152","-280","5768","-164","8","-802","2936","-678","3288","-167","16","-368","7208","-94","24","-356","6136","-462","2168","-386","328","-373","6872","-193","4760","21","0","25","0","?","0","63","16"
"-399","608","-437","2152","-418","5768","-165","8","-809","2936","-653","3288","-156","16","-485","7208","-81","24","-354","6136","-458","2168","-361","200","-427","6872","-189","4760","21","0","25","0","?","0","63","16"
"-312","608","-335","2152","-421","5768","-164","8","-717","2936","-580","3288","-161","16","-522","96","-93","24","-285","6136","-377","2168","-334","200","-364","6872","-173","4760","21","0","25","0","?","0","63","16"
"-296","608","-337","2152","-231","5768","-165","16","-703","2936","-579","3288","-159","16","-310","96","-75","24","-284","6136","-369","2168","-352","200","-338","6872","-162","4760","21","0","25","0","?","0","63","16"
"-356","608","-407","2152","-190","5768","-163","16","-771","2936","-628","3280","-157","16","-193","96","-80","24","-339","6136","-436","2168","-361","200","-338","6872","-183","4760","21","0","24","0","?","0","63","16"
"-369","608","-391","2152","-354","5768","-163","16","-765","2936","-626","3280","-159","16","-447","96","-94","0","-333","6136","-445","2168","-316","200","-276","6872","-189","4760","21","0","24","0","?","0","63","16"
"-344","608","-379","2160","-414","5768","-166","16","-726","2936","-631","3280","-161","16","-533","96","-73","0","-314","6136","-415","2168","-293","200","-270","6872","-167","4760","21","0","24","0","?","0","63","16"
"-354","608","-422","2160","-369","5768","-165","16","-744","2936","-655","3280","-163","16","-293","96","-88","0","-343","6096","-424","2168","-304","200","-386","6872","-181","4760","21","0","24","0","?","0","63","16"
"-371","608","-398","2160","-309","5768","-158","16","-764","2936","-629","3288","-157","16","-237","96","-90","0","-336","6096","-438","2168","-302","200","-433","6872","-194","4760","21","0","24","0","?","0","63","16"
"-388","608","-387","2160","-260","5768","-162","16","-763","2936","-631","3288","-161","16","-533","96","-97","0","-329","6096","-452","2168","-341","200","-348","6872","-194","4760","21","0","24","0","?","0","63","16"
"-374","608","-426","2160","-352","5768","-164","16","-728","2936","-663","3288","-169","16","-580","96","-106","0","-339","6096","-437","2168","-378","200","-338","6872","-183","4760","21","0","24","0","?","0","63","16"
"-349","608","-412","2160","-393","5768","-159","16","-710","2936","-633","3288","-163","16","-191","96","-92","0","-327","6096","-407","2168","-366","200","-427","6872","-177","4760","21","0","24","0","?","0","81","6088"
"-352","608","-354","2160","-292","5768","-164","16","-725","2936","-583","3288","-164","16","-152","96","-118","0","-319","6096","-406","2168","-342","200","-404","6872","-195","4760","21","0","24","0","?","0","82","3264"
"-326","608","-353","2160","-282","5768","-163","16","-695","2936","-591","3288","-160","16","-434","96","-111","0","-309","6096","-394","2168","-332","200","-292","6872","-182","4760","21","0","24","0","?","0","83","0"
"-314","608","-394","2160","-348","5768","-161","16","-673","2936","-609","3288","-157","16","-414","96","-100","0","-326","6096","-382","2168","-338","200","-311","6872","-170","4760","21","0","24","0","?","0","84","2152"
"-350","608","-375","2160","-307","5768","-162","16","-713","2936","-584","3288","-161","16","-288","96","-112","0","-344","6096","-387","2168","-347","200","-341","6872","-193","4760","21","0","24","0","?","0","85","6104"
"-324","608","-309","2160","-302","5768","-163","16","-696","2936","-549","3288","-157","16","-421","96","-95","0","-286","6096","-358","2168","-288","200","-277","6872","-179","4760","21","0","23","0","?","0","86","3288"
"-280","608","-308","2160","-377","5768","-163","16","-639","2936","-549","3288","-159","16","-532","96","-112","0","-257","6096","-334","2168","-207","200","-296","6872","-159","4760","21","0","23","0","?","0","87","0"
"-322","608","-371","2160","-321","5768","-162","16","-681","2936","-574","3288","-154","16","-367","96","-107","0","-306","6096","-376","2168","-269","200","-374","6872","-178","4760","21","0","23","0","?","0","88","2160"
"-351","608","-370","2160","-258","5768","-162","16","-703","2936","-571","3288","-148","16","-176","96","-97","0","-326","6096","-390","2168","-375","200","-350","6872","-193","4760","21","0","23","0","?","0","89","6096"
"-325","608","-336","2160","-314","5768","-160","16","-657","2936","-558","3288","-159","16","-282","96","-117","0","-314","6096","-365","2168","-331","200","-314","6872","-183","4760","21","0","23","0","?","0","90","3280"
"-313","608","-354","2160","-353","5768","-160","16","-674","2936","-573","3288","-159","16","-475","96","-97","0","-320","6096","-368","2168","-278","200","-361","6872","-166","4760","21","0","23","0","?","0","91","24"
"-313","608","-346","2160","-337","5768","-165","16","-688","2936","-550","3288","-159","16","-456","96","-107","0","-320","6096","-357","2168","-326","200","-370","6872","-178","4760","21","0","23","0","?","0","92","2160"
"-319","608","-325","2160","-315","5768","-169","16","-653","2936","-532","3288","-159","16","-399","96","-113","0","-319","6096","-346","2168","-392","200","-341","6872","-186","4760","21","0","23","0","?","0","93","6104"
"-342","608","-357","2160","-284","5768","-165","16","-652","2936","-569","3288","-154","16","-373","96","-94","0","-342","6096","-371","2168","-374","200","-361","6872","-176","4760","21","0","23","0","?","0","94","3288"
"-326","608","-349","2160","-297","5768","-161","16","-655","2936","-554","3288","-157","16","-292","96","-116","0","-327","6096","-352","2168","-272","200","-361","6872","-176","4760","21","0","23","0","?","0","95","24"
"-289","608","-292","2160","-301","5768","-163","16","-619","2936","-494","3288","-150","16","-372","96","-110","0","-272","6096","-308","2168","-237","200","-322","6872","-169","4760","21","0","23","0","?","0","96","2160"
"-304","608","-317","2160","-255","5768","-164","16","-611","2936","-522","3288","-155","16","-399","96","-114","0","-298","6096","-332","2168","-324","200","-318","6872","-181","4760","21","0","23","0","?","0","97","6096"
"-321","608","-380","2160","-314","5768","-163","16","-635","2936","-574","3288","-160","16","-219","96","-119","0","-351","6096","-361","2168","-368","200","-385","6872","-189","4760","21","0","23","0","?","0","98","3288"
"-306","608","-351","2160","-367","5768","-166","16","-636","2936","-541","3288","-157","16","-325","96","-108","0","-323","6096","-348","2168","-293","200","-369","6872","-179","4760","21","0","23","0","?","0","99","24"
"-309","608","-300","2160","-298","5768","-170","16","-622","2936","-517","3288","-164","16","-535","96","-124","0","-285","6096","-338","2168","-249","200","-266","6872","-180","4760","21","0","23","0","?","0","100","2160"
"-324","608","-326","2160","-291","5768","-167","16","-630","2936","-556","3288","-159","16","-443","96","-109","0","-302","6096","-346","2168","-313","200","-300","6872","-180","4760","21","0","23","0","?","0","101","6080"
"-332","608","-381","2160","-334","5768","-165","16","-647","2936","-565","3288","-153","16","-292","96","-117","0","-340","6096","-362","2168","-430","200","-433","6872","-193","4760","21","0","23","0","?","0","102","3288"
"-331","608","-395","2160","-328","5768","-165","16","-636","2936","-539","3288","-156","16","-324","96","-120","0","-345","6096","-356","2168","-431","200","-410","6872","-199","4760","21","0","23","0","?","0","103","16"
"-322","608","-368","2160","-328","5768","-162","16","-614","2936","-549","3288","-160","16","-372","96","-106","0","-326","6096","-334","2168","-315","200","-310","6872","-184","4760","21","0","23","0","?","0","104","2160"
"-340","608","-352","2160","-312","5768","-164","16","-621","2936","-574","3288","-170","16","-414","96","-132","0","-334","6096","-340","2168","-337","200","-367","6872","-191","4760","21","0","24","0","?","0","105","6088"
"-334","608","-343","2160","-375","5768","-167","16","-631","2936","-547","3288","-163","16","-549","96","-114","0","-316","6096","-338","2168","-418","200","-432","6872","-192","4760","21","0","24","0","?","0","106","3264"
"-306","608","-345","2160","-453","5768","-166","16","-622","2936","-522","3288","-159","16","-465","96","-114","0","-299","6096","-321","2168","-357","200","-381","6872","-188","4760","21","0","24","0","?","0","107","24"
"-329","608","-367","2160","-287","5768","-167","16","-630","2936","-551","3288","-162","16","-204","96","-123","0","-330","6096","-345","2168","-273","200","-329","6872","-190","4760","21","0","24","0","?","0","108","2168"
"-358","608","-375","2160","-187","5768","-168","16","-649","2936","-572","3288","-162","16","-251","96","-109","0","-352","6096","-376","2168","-300","200","-318","6872","-190","4760","21","0","24","0","?","0","109","6096"
"-363","608","-370","2160","-325","5768","-164","16","-664","2936","-570","3288","-168","16","-456","96","-128","0","-357","6096","-387","2168","-392","200","-345","6872","-199","4760","21","0","24","0","?","0","110","3288"
"-354","608","-357","2160","-324","5768","-164","16","-655","2936","-557","3288","-158","16","-373","96","-119","0","-343","6096","-382","2168","-406","200","-373","6872","-201","4760","21","0","24","0","?","0","111","24"
"-330","608","-347","2160","-290","5768","-166","16","-610","2936","-538","3288","-158","16","-271","96","-118","0","-331","6096","-353","2168","-325","200","-377","6872","-195","4760","21","0","24","0","?","0","112","2168"
"-305","608","-351","2160","-386","5768","-162","16","-581","2936","-535","3288","-172","16","-432","96","-127","0","-333","6096","-325","2168","-275","200","-389","6872","-185","4760","21","0","24","0","?","0","113","6104"
"-298","608","-348","2160","-333","5768","-162","16","-594","2936","-536","3288","-168","16","-418","96","-112","0","-331","6096","-318","2168","-314","200","-368","6872","-182","4760","21","0","24","0","?","0","114","3264"
"-318","608","-339","2160","-237","5768","-165","16","-624","2936","-535","3288","-166","16","-290","96","-132","0","-336","6096","-324","2168","-354","200","-276","6872","-210","4760","21","0","24","0","?","0","115","0"
"-317","608","-338","2160","-360","5768","-159","16","-598","2936","-532","3288","-162","16","-472","96","-122","0","-332","6096","-316","2168","-347","200","-287","6872","-196","4760","21","0","24","0","?","0","116","2152"
"-303","608","-356","2160","-452","5768","-161","16","-548","2936","-527","3288","-162","16","-461","96","-119","0","-331","6096","-299","2168","-335","200","-398","6872","-166","4760","21","0","24","0","?","0","117","6096"
"-331","608","-376","2160","-328","5768","-165","16","-568","2936","-533","3288","-169","16","-142","96","-134","0","-344","6096","-316","2168","-326","200","-405","6872","-189","4760","21","0","24","0","?","0","118","3288"
"-377","608","-378","2160","-222","5768","-160","16","-637","2936","-564","3288","-168","16","-293","96","-118","0","-364","6096","-376","2168","-332","200","-353","6872","-211","4760","21","0","24","0","?","0","119","24"
"-367","608","-392","2160","-287","5768","-161","16","-651","2936","-591","3288","-167","16","-513","96","-132","0","-389","6096","-399","2168","-367","200","-342","6872","-208","4760","21","0","24","0","?","0","120","2160"
"-304","608","-397","2160","-378","5768","-168","16","-581","2936","-558","3288","-165","16","-293","96","-126","0","-360","6096","-340","2168","-378","200","-338","6872","-185","4760","21","0","24","0","?","0","121","6096"
"-283","608","-340","2160","-357","5768","-168","16","-533","2936","-499","3288","-170","16","-248","96","-126","0","-298","6096","-296","2168","-312","200","-335","6872","-184","4760","21","0","24","0","?","0","122","3272"
"-312","608","-311","2160","-304","5768","-164","16","-561","2936","-500","3288","-173","16","-393","96","-138","0","-293","6096","-316","2168","-243","200","-346","6872","-200","4760","21","0","24","0","?","0","123","16"
"-296","608","-330","2160","-311","5768","-163","16","-574","2936","-528","3288","-165","16","-351","96","-119","0","-306","6096","-315","2168","-265","200","-326","6872","-192","4760","21","0","24","0","?","0","124","2160"
"-242","608","-310","2160","-374","5768","-164","16","-514","2936","-507","3288","-168","16","-407","96","-140","0","-288","6096","-267","2168","-328","200","-308","6872","-183","4760","21","0","24","0","?","0","125","6080"
"-244","608","-338","2160","-374","5768","-162","16","-492","2936","-512","3288","-169","16","-389","96","-137","0","-304","6096","-265","2168","-351","200","-325","6872","-176","4760","21","0","24","0","?","0","126","3288"
"-293","608","-402","2160","-244","5768","-161","16","-542","2936","-553","3288","-170","16","-247","96","-123","0","-341","6096","-307","2168","-300","200","-322","6872","-187","4760","21","0","24","0","?","0","127","16"
"-292","608","-334","2160","-218","5768","-162","16","-547","2936","-525","3288","-174","16","-437","96","-138","0","-304","6096","-297","2168","-289","200","-330","6872","-200","4760","21","0","24","0","?","0","238","2160"
"-274","632","-286","2160","-322","5768","-163","16","-530","2936","-498","3288","-162","16","-437","96","-120","0","-270","6096","-278","2168","-342","200","-337","6872","-185","4760","21","0","24","0","?","0","238","2160"
"-284","632","-358","2160","-333","5768","-162","16","-515","2936","-520","3288","-162","16","-181","96","-131","0","-301","6096","-287","2168","-320","200","-340","6872","-184","4736","21","0","24","0","?","0","238","2160"
"-284","632","-355","2160","-250","5768","-162","16","-499","2936","-518","3288","-169","16","-266","96","-140","0","-295","6096","-288","2144","-287","200","-324","6872","-190","4736","21","0","23","0","?","0","238","2160"
"-286","632","-300","2160","-235","5768","-164","16","-523","2920","-497","3288","-169","16","-416","96","-131","0","-277","6096","-294","2144","-283","200","-275","6872","-202","4736","21","0","23","0","?","0","238","2160"
"-286","632","-288","2160","-316","5768","-161","16","-525","2920","-484","3288","-175","16","-489","96","-144","0","-286","6096","-291","2144","-290","200","-310","6872","-210","4736","21","0","23","0","?","0","238","2160"
"-273","632","-300","2160","-351","5848","-164","16","-499","2920","-491","3288","-171","16","-517","96","-127","0","-275","6096","-281","2144","-373","200","-401","6872","-189","4736","21","0","23","0","?","0","238","2160"
"-301","632","-353","2160","-266","5848","-174","16","-520","2920","-528","3288","-172","16","-308","96","-135","0","-290","6096","-312","2144","-421","200","-377","7448","-197","4736","21","0","23","0","?","0","238","2160"
"-324","632","-401","2160","-201","5848","-174","16","-551","2920","-549","3288","-170","16","-113","96","-142","0","-319","6096","-338","2144","-320","40","-279","7448","-210","4736","21","0","23","0","?","0","238","2160"
"-300","632","-386","2160","-329","5848","-164","16","-528","2920","-526","3288","-167","16","-251","7472","-132","0","-305","6096","-312","2144","-284","40","-330","7448","-193","4736","21","0","23","0","?","0","238","2160"
"-296","632","-350","2160","-429","5848","-161","16","-501","2920","-500","3288","-180","16","-446","7472","-154","0","-297","6096","-295","2144","-386","40","-458","7448","-195","4736","21","0","23","0","?","0","238","2160"
"-284","632","-321","2160","-298","5848","-164","16","-496","2920","-484","3264","-177","16","-460","7472","-137","0","-286","6096","-287","2144","-355","40","-360","7448","-195","4736","21","0","23","0","?","0","238","2160"
"-272","632","-303","2160","-155","5848","-161","16","-502","2920","-478","3264","-170","16","-300","7472","-133","8","-280","6096","-274","2144","-253","40","-211","7448","-194","4736","21","0","23","0","?","0","238","2160"
"-318","632","-333","2096","-226","5848","-161","16","-508","2920","-493","3264","-171","16","-246","7472","-143","8","-314","6096","-292","2144","-329","40","-330","7448","-202","4736","21","0","23","0","?","0","238","2160"
"-353","632","-373","2096","-377","5848","-166","16","-507","2920","-507","3264","-168","16","-515","7472","-128","8","-340","6056","-320","2144","-416","40","-487","7448","-194","4736","22","0","23","0","?","0","238","2160"
"-344","632","-373","2096","-357","5848","-168","16","-533","2920","-512","3288","-172","16","-481","7472","-144","8","-341","6056","-330","2144","-342","40","-397","7448","-202","4736","21","0","23","0","?","0","238","2160"
"-323","632","-359","2096","-337","5848","-165","16","-540","2920","-503","3288","-167","16","-126","7472","-136","24","-325","6056","-318","2144","-289","40","-273","7448","-205","4736","22","0","23","0","?","0","238","2160"
"-305","632","-356","2096","-429","5848","-161","16","-507","2920","-491","3288","-169","16","-264","7472","-136","24","-318","6056","-303","2144","-291","40","-328","7448","-195","4736","22","0","23","0","?","0","16","0"
"-323","632","-358","2096","-412","5848","-161","16","-521","2920","-500","3288","-176","16","-560","7472","-146","24","-340","6056","-328","2144","-292","40","-392","7448","-198","4736","22","0","23","0","?","0","17","0"
"-387","632","-367","2096","-298","5848","-164","16","-574","2920","-527","3288","-171","16","-465","7472","-134","24","-370","6056","-377","2144","-370","40","-393","7448","-213","4736","22","0","23","0","?","0","18","24"
"-399","632","-353","2096","-301","5848","-163","16","-545","2920","-496","3288","-175","16","-325","7472","-153","24","-362","6056","-358","2144","-434","40","-359","7448","-226","4736","22","0","23","0","?","0","19","8"
"-313","632","-311","2096","-390","5848","-162","16","-449","2920","-424","3288","-173","16","-229","7472","-143","24","-307","6056","-276","2144","-353","40","-318","7448","-195","4736","22","0","23","0","?","0","20","16"
"-278","632","-310","2096","-383","5848","-170","16","-424","2920","-424","3288","-171","16","-153","7472","-136","24","-297","6056","-262","2144","-287","40","-317","7448","-176","4736","22","0","24","0","?","0","21","24"
"-293","632","-310","2096","-324","5848","-172","16","-438","2920","-433","3288","-174","16","-326","7472","-151","24","-301","6056","-271","2144","-244","40","-286","7448","-189","4736","22","0","24","0","?","0","22","16"
"-282","632","-273","2096","-297","5848","-168","16","-436","2920","-393","3288","-169","16","-443","7472","-132","24","-273","6056","-240","2144","-192","40","-274","7448","-196","4736","22","0","24","0","?","0","23","16"
"-299","632","-271","2096","-341","5848","-162","16","-436","2920","-390","3288","-173","16","-243","7472","-146","24","-293","6056","-245","2144","-301","40","-358","7448","-201","4736","22","0","24","0","?","0","24","16"
"-309","632","-303","2096","-373","5848","-157","16","-437","2920","-421","3288","-172","16","-156","7472","-149","24","-318","6056","-270","2144","-391","40","-382","7448","-188","4736","22","0","24","0","?","0","25","16"
"-299","632","-319","2096","-292","5848","-159","16","-460","2920","-424","3288","-164","16","-328","7472","-135","24","-313","6056","-280","2144","-325","40","-299","7448","-193","4736","22","0","24","0","?","0","26","8"
"-305","632","-325","2096","-310","5848","-161","16","-469","2920","-433","3288","-167","16","-497","7472","-152","24","-321","6056","-281","2144","-279","40","-266","7448","-212","4736","22","0","24","0","?","0","27","16"
"-288","632","-319","2096","-397","5848","-158","16","-442","2920","-455","3288","-169","16","-445","7472","-140","24","-307","6056","-262","2144","-270","40","-285","7448","-191","4736","22","0","24","0","?","0","28","24"
"-270","632","-314","2096","-344","5848","-162","16","-446","2920","-445","3288","-176","16","-168","7472","-147","24","-288","6056","-254","2144","-291","40","-318","7448","-189","4736","22","0","24","0","?","0","29","16"
"-297","632","-311","2096","-285","5848","-164","16","-475","2920","-424","3288","-177","16","-265","7472","-153","24","-293","6056","-280","2144","-333","40","-368","7448","-207","4736","22","0","24","0","?","0","30","0"
"-286","632","-281","2096","-355","5848","-162","16","-446","2920","-410","3288","-168","16","-501","7472","-143","24","-273","6056","-269","2144","-288","40","-309","7448","-192","4736","22","0","24","0","?","0","31","24"
"-264","632","-295","2096","-335","5848","-167","16","-426","2920","-414","3288","-172","16","-262","7472","-153","24","-275","6056","-243","2144","-218","40","-259","7448","-190","4736","22","0","24","0","?","0","32","8"
"-288","632","-324","2096","-254","5848","-169","16","-456","2920","-414","3288","-172","16","-122","7472","-139","24","-301","6056","-256","2144","-277","40","-329","7448","-200","4736","22","0","24","0","?","0","33","24"
"-309","632","-285","2096","-299","5848","-164","16","-449","2920","-392","3288","-176","16","-320","7472","-150","24","-291","6056","-276","2144","-325","40","-359","7448","-202","4736","22","0","24","0","?","0","34","8"
"-329","632","-285","2096","-351","5848","-167","16","-433","2920","-397","3288","-179","16","-322","7472","-155","24","-287","6056","-291","2144","-311","40","-336","7448","-203","4736","22","0","24","0","?","0","35","0"
"-359","632","-333","2096","-323","5848","-169","16","-452","2920","-421","3288","-176","16","-185","7472","-136","24","-327","6056","-303","2144","-345","40","-337","7448","-208","4736","22","0","24","0","?","0","36","24"
"-348","632","-297","2096","-350","5848","-164","16","-451","2920","-412","3288","-177","16","-364","7472","-152","24","-328","6056","-291","2144","-313","40","-316","7448","-208","4736","22","0","24","0","?","0","37","0"
"-297","632","-236","2096","-355","5848","-165","16","-423","2920","-393","3288","-171","16","-489","7472","-145","24","-270","6056","-271","2144","-208","40","-285","7448","-190","4736","22","0","24","0","?","0","38","24"
"-291","632","-285","2096","-261","5848","-172","16","-425","2920","-410","3288","-175","16","-258","7472","-147","24","-280","6056","-285","2144","-213","40","-303","7448","-207","4736","22","0","24","0","?","0","39","8"
"-297","632","-319","2096","-308","5848","-171","16","-431","2920","-406","3288","-179","16","-162","7472","-153","24","-302","6056","-291","2144","-277","40","-305","7448","-217","4736","22","0","24","0","?","0","40","24"
"-269","632","-254","2096","-382","5848","-163","16","-407","2920","-365","3288","-175","16","-318","7472","-137","24","-256","6056","-259","2144","-283","40","-304","7448","-190","4736","22","0","24","0","?","0","41","0"
"-276","632","-247","2096","-297","5848","-162","16","-407","2920","-384","3288","-179","16","-369","7472","-152","24","-254","6056","-258","2144","-292","40","-313","7448","-203","4736","22","0","24","0","?","0","42","24"
"-298","632","-292","2096","-231","5848","-166","16","-439","2920","-414","3288","-173","16","-315","7472","-142","24","-286","6056","-277","2144","-256","40","-273","7448","-221","4736","22","0","24","0","?","0","43","24"
"-58","632","-81","2096","-87","5848","-165","16","-4","2920","-78","3288","-166","16","3","7472","-172","24","-113","6056","-65","2144","-45","40","-61","7448","-112","4736","22","0","23","0","?","0","43","24"
"-74","632","-79","2096","-158","5848","-167","16","-48","2920","-78","3288","-166","16","-118","7472","-168","24","-112","6056","-80","2144","-88","40","-108","7448","-108","4736","22","0","23","0","?","0","60","0"
"-108","632","-120","2096","-74","5848","-163","16","-86","2920","-96","3288","-166","16","-95","7472","-164","24","-138","6056","-124","2144","-136","40","-135","7448","-119","4736","22","0","23","0","?","0","61","8"
"-133","632","-125","2096","-28","5848","-169","16","-125","2920","-119","3288","-165","16","-26","7472","-166","24","-146","6056","-147","2144","-143","40","-118","7448","-139","4736","22","0","23","0","?","0","62","16"
"-119","632","-116","2096","-37","5848","-162","16","-99","2920","-101","3288","-171","16","62","7472","-174","24","-140","6056","-110","2144","-84","40","-85","7448","-137","4736","22","0","23","0","?","0","63","24"
"-91","576","-71","2096","-51","5848","-152","16","-44","2920","-54","3288","-165","16","-83","7472","-159","24","-117","6056","-71","2144","-40","40","-64","7448","-105","4736","22","0","23","0","?","0","63","24"
"-90","576","-41","2096","-90","5848","-163","16","-33","2920","-47","3288","-168","16","-230","7472","-167","24","-115","6056","-89","2144","-85","40","-107","7448","-110","4680","22","0","23","0","?","0","63","24"
"-120","576","-92","2096","-129","5848","-170","16","-79","2920","-98","3288","-163","16","-123","7472","-162","24","-147","6056","-138","2040","-171","40","-177","7448","-127","4680","22","0","23","0","?","0","63","24"
"-143","576","-126","2096","-106","5848","-162","16","-106","2832","-117","3288","-160","16","-10","7472","-159","24","-165","6056","-148","2040","-151","40","-162","7448","-132","4680","22","0","24","0","?","0","63","24"
"-123","576","-85","2096","-53","5848","-161","16","-77","2832","-80","3288","-168","24","-81","7472","-174","24","-143","6056","-122","2040","-75","40","-89","7448","-127","4680","22","0","24","0","?","0","63","24"
"-103","576","-85","2096","-46","6080","-170","16","-65","2832","-84","3288","-164","24","-174","7472","-159","24","-133","6056","-111","2040","-104","40","-96","7448","-113","4680","22","0","24","0","?","0","63","24"
"-119","576","-127","2096","-71","6080","-173","16","-89","2832","-118","3288","-166","24","-169","7472","-166","24","-154","6056","-122","2040","-140","40","-98","7344","-127","4680","22","0","24","0","?","0","63","24"
"-120","576","-110","2096","-83","6080","-169","16","-102","2832","-120","3288","-168","24","-93","7472","-173","24","-157","6056","-128","2040","-80","7072","-56","7344","-123","4680","22","0","24","0","?","0","63","24"
"-119","576","-93","2096","-90","6080","-171","16","-107","2832","-113","3288","-167","24","-14","7680","-167","24","-157","6056","-131","2040","-64","7072","-120","7344","-118","4680","22","0","24","0","?","0","63","24"
"-139","576","-118","2096","-60","6080","-171","8","-112","2832","-116","3288","-172","24","-50","7680","-174","24","-171","6056","-133","2040","-104","7072","-175","7344","-137","4680","22","0","24","0","?","0","63","24"
"-120","576","-92","2096","-42","6080","-168","8","-101","2832","-101","2440","-164","24","-126","7680","-157","24","-146","6056","-121","2040","-108","7072","-103","7344","-122","4680","22","0","24","0","?","0","63","24"
"-99","576","-39","2096","-133","6080","-169","8","-83","2832","-72","2440","-162","24","-145","7680","-166","24","-120","6056","-112","2040","-100","7072","-121","7344","-112","4680","22","0","24","0","?","0","63","24"
"-122","576","-85","1928","-156","6080","-170","8","-91","2832","-89","2440","-167","24","-164","7680","-171","24","-143","6056","-129","2040","-153","7072","-219","7344","-124","4680","22","0","24","0","?","0","63","24"
"-136","576","-161","1928","-11","6080","-171","8","-101","2832","-126","2440","-168","24","-124","7680","-157","24","-167","5816","-139","2040","-184","7072","-129","7344","-126","4680","22","0","24","0","?","0","63","24"
"-113","576","-124","1928","-14","6080","-170","8","-88","2832","-112","2456","-168","24","-84","7680","-172","24","-156","5816","-127","2040","-122","7072","-13","7344","-123","4680","22","0","24","0","?","0","63","24"
"-99","576","-58","1928","-160","6080","-170","8","-86","2832","-81","2456","-159","24","-169","7680","-168","16","-131","5816","-115","2040","-100","7072","-110","7344","-118","4680","22","0","24","0","?","0","63","24"
"-115","576","-71","1944","-116","6080","-171","8","-95","2832","-87","2456","-169","24","-170","7680","-166","16","-125","5816","-105","2040","-147","7072","-169","7344","-129","4680","22","0","24","0","?","0","63","24"
"-106","576","-103","1944","-26","6080","-171","8","-86","2832","-101","2456","-174","24","-22","7680","-169","16","-123","5816","-91","2040","-135","7072","-104","7344","-122","4680","22","0","24","0","?","0","81","5792"
"-92","576","-93","1944","-94","6080","-170","8","-86","2832","-99","2456","-161","24","-31","7680","-164","16","-122","5816","-106","2040","-68","7072","-128","7344","-115","4680","22","0","23","0","?","0","82","2432"
"-115","576","-82","1944","-101","6080","-170","8","-104","2832","-109","2456","-163","24","-161","7680","-172","16","-132","5816","-133","2040","-73","7072","-175","7344","-135","4680","22","0","23","0","?","0","83","8"
"-113","576","-107","1944","-16","6080","-171","8","-96","2832","-124","2456","-163","24","-147","7680","-159","16","-126","5816","-113","2040","-124","7072","-99","7344","-122","4680","22","0","24","0","?","0","84","1928"
"-99","576","-136","1944","-50","6080","-170","8","-86","2832","-126","2456","-167","24","-93","7680","-166","16","-132","5816","-101","2040","-161","7072","-83","7344","-119","4680","22","0","24","0","?","0","85","5800"
"-134","576","-146","1944","-113","6080","-171","8","-117","2832","-130","2456","-170","24","-141","7680","-171","16","-159","5816","-137","2040","-177","7072","-165","7344","-143","4680","22","0","24","0","?","0","86","2456"
"-146","576","-119","1944","-91","6080","-170","8","-127","2832","-112","2456","-163","24","-165","7680","-153","16","-156","5816","-140","2040","-140","7072","-151","7344","-132","4680","22","0","23","0","?","0","87","8"
"-119","576","-81","1944","-68","6080","-171","8","-101","2832","-81","2456","-171","24","-106","7680","-167","16","-137","5816","-119","2040","-119","7072","-113","7344","-122","4680","22","0","23","0","?","0","88","1944"
"-131","576","-88","1944","-58","6080","-170","8","-123","2832","-84","2456","-166","24","-107","7680","-166","16","-146","5816","-140","2040","-139","7072","-144","7344","-126","4680","22","0","23","0","?","0","89","5792"
"-158","576","-116","1944","-72","6080","-170","8","-152","2832","-104","2456","-164","24","-182","7680","-162","16","-163","5816","-163","2040","-116","7072","-172","7344","-134","4680","22","0","23","0","?","0","90","2432"
"-143","576","-105","1944","-96","6080","-171","8","-115","2832","-97","2456","-173","24","-110","7680","-170","16","-138","5816","-130","2040","-81","7072","-146","7344","-131","4680","22","0","23","0","?","0","91","16"
"-126","576","-89","1944","-66","6080","-171","8","-87","2832","-99","2456","-167","24","-11","7680","-158","16","-106","5816","-111","2040","-110","7072","-101","7344","-120","4680","22","0","24","0","?","0","92","1944"
"-140","576","-95","1944","-39","6080","-171","8","-117","2832","-108","2456","-171","24","-145","7680","-168","16","-124","5816","-126","2040","-157","7072","-128","7344","-137","4680","22","0","23","0","?","0","93","5792"
"-121","576","-76","1944","-98","6080","-170","8","-145","2832","-90","2456","-169","24","-194","7680","-166","16","-123","5816","-106","2040","-119","7072","-144","7344","-136","4680","22","0","23","0","?","0","94","2432"
"-84","576","-62","1944","-128","6080","-170","8","-130","2832","-78","2456","-165","24","-30","7680","-162","16","-90","5816","-83","2040","-80","7072","-99","7344","-125","4680","22","0","24","0","?","0","95","8"
"-82","576","-84","1944","-77","6080","-174","8","-92","2832","-86","2456","-170","24","-31","7680","-171","16","-92","5816","-87","2040","-122","7072","-105","7344","-122","4680","22","0","24","0","?","0","96","1944"
"-94","576","-104","1944","-87","6080","-166","8","-92","2832","-107","2456","-169","24","-194","7680","-161","16","-118","5816","-89","2040","-140","7072","-146","7344","-117","4680","22","0","24","0","?","0","97","5808"
"-116","576","-90","1944","-95","6080","-160","8","-143","2832","-110","2456","-172","24","-234","7680","-173","16","-130","5816","-99","2040","-92","7072","-116","7344","-137","4680","22","0","24","0","?","0","98","2432"
"-131","576","-76","1944","-21","6080","-164","8","-152","2832","-91","2456","-165","24","-144","7680","-169","16","-121","5816","-121","2040","-71","7072","-71","7344","-128","4680","22","0","24","0","?","0","99","8"
"-133","576","-112","1944","-17","6080","-160","8","-115","2832","-102","2456","-166","24","-49","7680","-161","16","-134","5816","-132","2040","-113","7072","-83","7344","-117","4680","22","0","24","0","?","0","100","1928"
"-145","576","-136","1944","-80","6080","-160","8","-111","2832","-124","2456","-174","24","-60","7680","-172","16","-162","5816","-129","2040","-136","7072","-131","7344","-141","4680","22","0","23","0","?","0","101","5800"
"-149","576","-100","1944","-60","6080","-168","8","-126","2832","-95","2456","-166","24","-149","7680","-161","16","-153","5816","-121","2040","-121","7072","-152","7344","-134","4680","22","0","23","0","?","0","102","2432"
"-146","576","-79","1944","-66","6080","-167","8","-121","2832","-67","2456","-171","24","-113","7680","-171","16","-133","5816","-117","2040","-101","7072","-145","7344","-119","4680","22","0","23","0","?","0","103","24"
"-131","576","-95","1944","-139","6080","-160","8","-111","2832","-88","2456","-171","24","-101","7680","-167","16","-122","5816","-127","2040","-47","7072","-137","7344","-115","4680","22","0","23","0","?","0","104","1944"
"-116","576","-98","1944","-126","6080","-161","8","-120","2832","-104","2456","-165","24","-243","7680","-153","16","-116","5816","-133","2040","-58","7072","-135","7344","-127","4680","21","0","24","0","?","0","105","5800"
"-135","576","-121","1944","-83","6080","-160","8","-145","2832","-113","2456","-170","24","-212","7680","-171","16","-132","5816","-135","2040","-171","7072","-153","7344","-145","4680","21","0","24","0","?","0","106","2456"
"-159","576","-155","1944","-94","6080","-156","8","-161","2832","-133","2456","-168","24","-16","7680","-166","16","-150","5816","-136","2040","-209","7072","-165","7344","-132","4680","21","0","24","0","?","0","107","24"
"-147","576","-123","1944","-76","6080","-166","8","-141","2832","-118","2456","-170","24","-27","7680","-170","16","-143","5816","-134","2040","-144","7072","-135","7344","-132","4680","21","0","24","0","?","0","108","1928"
"-107","576","-78","1944","-64","6080","-171","8","-117","2832","-92","2456","-172","24","-136","7680","-169","16","-111","5816","-128","2040","-95","7072","-122","7344","-139","4680","20","0","24","0","?","0","109","5808"
"-92","576","-87","1944","-96","6080","-160","8","-132","2832","-93","2456","-172","24","-86","7680","-159","16","-100","5816","-123","2040","-76","7072","-143","7344","-133","4680","20","0","24","0","?","0","110","2440"
"-116","576","-98","1944","-96","6080","-156","8","-150","2832","-97","2456","-174","24","-54","7680","-177","16","-132","5816","-122","2040","-105","7072","-125","7344","-139","4680","20","0","24","0","?","0","111","24"
"-119","576","-90","1944","-79","6080","-167","8","-129","2832","-85","2456","-164","24","-153","7680","-171","16","-141","5816","-108","2040","-164","7072","-91","7344","-123","4680","20","0","24","0","?","0","112","1928"
"-116","576","-99","1944","-97","6080","-173","8","-128","2832","-91","2456","-168","24","-173","7680","-165","16","-128","5816","-117","2040","-119","7072","-124","7344","-121","4680","20","0","24","0","?","0","113","5792"
"-154","576","-133","1944","-106","6080","-167","8","-185","2832","-131","2456","-171","24","-165","7680","-167","16","-150","5816","-166","2040","-81","7072","-152","7344","-143","4680","19","0","24","0","?","0","114","2432"
"-172","576","-141","1944","-87","6080","-160","8","-194","2832","-137","2456","-164","24","-262","7680","-161","16","-170","5816","-175","2040","-124","7072","-128","7344","-145","4680","19","0","24","0","?","0","115","0"
"-131","576","-105","1944","-118","6080","-159","8","-133","2832","-99","2456","-174","24","-238","7680","-172","16","-148","5816","-124","2040","-107","7072","-119","7344","-135","4680","19","0","24","0","?","0","116","1928"
"-119","576","-112","1944","-112","6080","-166","8","-141","2832","-119","2456","-172","24","-87","7680","-160","16","-145","5816","-127","2040","-97","7072","-78","7344","-131","4680","20","0","24","0","?","0","117","5808"
"-167","576","-160","1944","-34","6080","-170","8","-197","2832","-171","2456","-170","24","-92","7680","-158","16","-183","5816","-187","2040","-178","7072","-73","7344","-155","4680","19","0","24","0","?","0","118","2456"
"-185","576","-147","1944","-59","6080","-167","8","-192","2832","-147","2456","-174","24","-200","7680","-171","16","-190","5816","-187","2040","-208","7072","-178","7344","-153","4680","20","0","24","0","?","0","119","16"
"-178","576","-118","1944","-120","6080","-167","8","-187","2832","-125","2456","-170","24","-180","7680","-164","16","-181","5816","-162","2040","-172","7072","-236","7344","-136","4680","20","0","24","0","?","0","120","1920"
"-206","576","-174","1944","-96","6080","-171","8","-214","2832","-175","2456","-177","24","-150","7680","-170","16","-216","5816","-185","2040","-179","7072","-190","7344","-162","4680","20","0","24","0","?","0","121","5808"
"-210","576","-228","1944","-114","6080","-168","8","-208","2832","-202","2456","-170","24","-221","7680","-160","16","-234","5816","-197","2040","-196","7072","-205","7344","-156","4680","20","0","24","0","?","0","122","2456"
"-176","576","-187","1944","-187","6080","-163","8","-175","2832","-178","2456","-166","24","-179","7680","-160","16","-210","5816","-184","2040","-184","7072","-247","7344","-132","4680","20","0","24","0","?","0","123","8"
"-176","576","-157","1944","-174","6080","-166","8","-183","2832","-192","2456","-174","24","-129","7680","-170","16","-203","5816","-190","2040","-180","7072","-187","7344","-142","4680","20","0","24","0","?","0","124","1928"
"-205","576","-191","1944","-135","6080","-170","8","-238","2832","-238","2456","-169","24","-220","7680","-157","16","-213","5816","-212","2040","-180","7072","-172","7344","-154","4680","21","0","24","0","?","0","125","5792"
"-235","576","-219","1944","-128","6080","-162","8","-267","2832","-248","2456","-167","24","-225","7680","-171","16","-226","5816","-235","2040","-187","7072","-207","7344","-164","4680","21","0","24","0","?","0","126","2440"
"-257","576","-251","1944","-126","6080","-156","8","-252","2832","-259","2456","-169","24","-134","7680","-169","16","-249","5816","-266","2040","-185","7072","-201","7344","-160","4680","21","0","24","0","?","0","127","24"
"-264","576","-297","1944","-199","6080","-162","8","-248","2832","-299","2456","-175","24","-194","7680","-163","16","-281","5816","-285","2040","-201","7072","-242","7344","-165","4680","21","0","24","0","?","0","238","1936"
"-255","600","-295","1944","-271","6080","-165","8","-273","2832","-312","2456","-169","24","-331","7680","-171","16","-286","5816","-282","2040","-265","7072","-285","7344","-175","4680","21","0","24","0","?","0","238","1936"
"-262","600","-280","1944","-217","6080","-157","8","-293","2832","-305","2456","-154","24","-336","7680","-156","16","-268","5816","-294","2040","-324","7072","-261","7344","-161","4696","22","0","24","0","?","0","238","1936"
"-298","600","-288","1944","-147","6080","-160","8","-304","2832","-314","2456","-168","24","-278","7680","-163","16","-271","5816","-315","2032","-288","7072","-230","7344","-173","4696","22","0","24","0","?","0","238","1936"
"-309","600","-281","1944","-199","6080","-171","8","-320","2824","-327","2456","-175","24","-261","7680","-162","16","-277","5816","-315","2032","-242","7072","-255","7344","-186","4696","22","0","24","0","?","0","238","1936"
"-305","600","-298","1944","-287","6080","-169","8","-323","2824","-338","2456","-170","8","-271","7680","-160","16","-296","5816","-322","2032","-291","7072","-311","7344","-181","4696","22","0","24","0","?","0","238","1936"
"-330","600","-354","1944","-274","6080","-157","8","-333","2824","-351","2456","-173","8","-297","7680","-173","16","-328","5816","-344","2032","-295","7072","-348","7344","-183","4696","22","0","24","0","?","0","238","1936"
"-330","600","-344","1944","-220","6080","-159","8","-334","2824","-335","2456","-170","8","-317","7680","-161","16","-307","5816","-333","2032","-223","7072","-298","7152","-182","4696","22","0","24","0","?","0","238","1936"
"-307","600","-276","1944","-254","6080","-168","8","-307","2824","-316","2456","-171","8","-309","7680","-171","16","-272","5816","-307","2032","-267","7736","-261","7152","-189","4696","22","0","24","0","?","0","238","1936"
"-313","600","-289","1944","-288","6080","-166","8","-296","2824","-341","2456","-169","8","-283","7880","-169","16","-287","5816","-309","2032","-390","7736","-323","7152","-183","4696","22","0","24","0","?","0","238","1936"
"-330","600","-354","1944","-215","6080","-162","24","-319","2824","-365","2456","-165","8","-259","7880","-158","16","-314","5816","-334","2032","-353","7736","-309","7152","-184","4696","22","0","24","0","?","0","238","1936"
"-343","600","-363","1944","-162","6080","-169","24","-346","2824","-357","2752","-168","8","-271","7880","-173","16","-319","5816","-361","2032","-234","7736","-244","7152","-198","4696","22","0","24","0","?","0","238","1936"
"-348","600","-322","1944","-245","6080","-168","24","-355","2824","-340","2752","-164","8","-337","7880","-162","0","-313","5816","-365","2032","-255","7736","-308","7152","-180","4696","22","0","24","0","?","0","238","1936"
"-345","600","-300","1800","-329","6080","-160","24","-350","2824","-345","2752","-172","8","-357","7880","-164","0","-317","5816","-357","2032","-340","7736","-371","7152","-175","4696","22","0","24","0","?","0","238","1936"
"-356","600","-354","1800","-276","6080","-161","24","-352","2824","-389","2752","-175","8","-286","7880","-167","0","-339","5816","-369","2032","-348","7736","-313","7152","-183","4696","22","0","24","0","?","0","238","1936"
"-365","600","-402","1800","-200","6080","-163","24","-359","2824","-403","2760","-168","8","-244","7880","-159","0","-350","5816","-378","2032","-308","7736","-271","7152","-184","4696","22","0","24","0","?","0","238","1936"
"-340","600","-326","1800","-205","6080","-161","24","-351","2824","-331","2760","-174","8","-242","7880","-172","16","-320","5816","-364","2032","-276","7736","-290","7152","-192","4696","22","0","24","0","?","0","238","1936"
"-330","600","-265","1800","-255","6080","-165","24","-349","2824","-292","2760","-168","8","-273","7880","-162","16","-296","5816","-365","2032","-318","7736","-323","7152","-184","4696","22","0","24","0","?","0","16","8"
"-381","600","-338","1800","-291","6080","-170","24","-364","2824","-354","2760","-169","8","-372","7880","-165","16","-336","5816","-395","2032","-394","7736","-361","7152","-193","4696","22","0","24","0","?","0","17","24"
"-390","600","-359","1800","-294","6080","-167","24","-342","2824","-367","2760","-174","8","-382","7880","-174","16","-345","5816","-380","2032","-344","7736","-355","7152","-195","4696","22","0","24","0","?","0","18","8"
"-335","600","-296","1800","-305","6080","-167","24","-308","2824","-310","2760","-172","8","-314","7880","-160","16","-297","5816","-326","2032","-252","7736","-316","7152","-171","4696","21","0","23","0","?","0","19","0"
"-332","600","-318","1800","-318","6080","-169","24","-326","2824","-322","2760","-175","8","-304","7880","-168","16","-300","5816","-318","2032","-307","7736","-315","7152","-184","4696","21","0","24","0","?","0","20","8"
"-349","600","-357","1800","-288","6080","-168","24","-345","2824","-351","2760","-166","8","-274","7880","-163","16","-322","5816","-326","2032","-341","7736","-322","7152","-200","4696","21","0","24","0","?","0","21","16"
"-330","600","-310","1800","-255","6080","-169","24","-294","2824","-290","2760","-167","8","-258","7880","-166","16","-310","5816","-289","2032","-261","7736","-302","7152","-188","4696","21","0","24","0","?","0","22","16"
"-305","600","-272","1800","-281","6080","-168","24","-233","2824","-239","2760","-173","8","-332","7880","-170","16","-294","5816","-240","2032","-274","7736","-299","7152","-169","4696","21","0","24","0","?","0","23","8"
"-301","600","-291","1800","-275","6080","-166","24","-238","2824","-251","2760","-169","8","-334","7880","-158","16","-295","5816","-223","2032","-347","7736","-302","7152","-173","4696","21","0","24","0","?","0","24","16"
"-310","600","-301","1800","-227","6080","-169","24","-249","2824","-245","2760","-171","8","-268","7880","-174","16","-307","5816","-225","2032","-336","7736","-300","7152","-202","4696","21","0","24","0","?","0","25","0"
"-299","600","-285","1800","-257","6080","-167","24","-222","2824","-220","2760","-167","8","-277","7880","-164","16","-299","5816","-208","2032","-318","7736","-330","7152","-183","4696","21","0","24","0","?","0","26","16"
"-282","600","-266","1800","-302","6080","-160","24","-199","2824","-209","2760","-171","8","-316","7880","-160","16","-282","5816","-176","2032","-338","7736","-348","7152","-164","4696","21","0","24","0","?","0","27","0"
"-282","600","-273","1800","-270","6080","-161","24","-205","2824","-216","2760","-177","8","-335","7880","-173","16","-281","5816","-164","2032","-322","7736","-293","7152","-180","4696","21","0","24","0","?","0","28","24"
"-273","600","-276","1800","-269","6080","-163","24","-214","2824","-212","2760","-167","8","-353","7880","-158","16","-264","5816","-162","2032","-248","7736","-232","7152","-172","4696","21","0","24","0","?","0","29","0"
"-252","600","-227","1800","-325","6080","-161","24","-186","2824","-165","2760","-169","8","-337","7880","-165","16","-220","5816","-139","2032","-201","7736","-270","7152","-167","4696","21","0","24","0","?","0","30","16"
"-244","600","-197","1800","-282","6080","-165","24","-164","2824","-139","2760","-172","8","-262","7880","-167","16","-215","5816","-132","2032","-239","7736","-315","7152","-175","4696","21","0","24","0","?","0","31","8"
"-261","600","-229","1800","-185","6080","-171","24","-173","2824","-159","2760","-173","8","-208","7880","-162","16","-250","5816","-148","2032","-303","7736","-300","7152","-184","4696","21","0","24","0","?","0","32","0"
"-266","600","-237","1800","-194","6080","-172","24","-176","2824","-161","2760","-171","8","-262","7880","-165","16","-248","5816","-135","2032","-306","7736","-281","7152","-176","4696","21","0","24","0","?","0","33","24"
"-230","600","-220","1800","-257","6080","-161","24","-159","2824","-147","2760","-159","8","-297","7880","-156","16","-218","5816","-104","2032","-271","7736","-238","7152","-151","4696","21","0","23","0","?","0","34","16"
"-222","600","-237","1800","-278","6080","-156","24","-162","2824","-159","2760","-171","8","-216","7880","-171","16","-232","5816","-114","2032","-269","7736","-228","7152","-168","4696","21","0","24","0","?","0","35","0"
"-259","600","-267","1800","-265","6080","-163","24","-194","2824","-183","2760","-178","8","-229","7880","-166","16","-256","5816","-160","2032","-278","7736","-294","7152","-186","4696","21","0","24","0","?","0","36","16"
"-255","600","-247","1800","-299","6080","-168","24","-198","2824","-195","2760","-173","8","-344","7880","-157","16","-240","5816","-168","2032","-241","7736","-342","7152","-173","4696","21","0","24","0","?","0","37","16"
"-230","600","-222","1800","-314","6080","-165","24","-175","2824","-200","2760","-176","8","-321","7880","-171","16","-234","5816","-138","2032","-234","7736","-300","7152","-166","4696","21","0","24","0","?","0","38","0"
"-256","600","-271","1800","-250","6080","-163","24","-190","2824","-225","2760","-169","8","-242","7880","-157","16","-273","5816","-157","2032","-326","7736","-268","7152","-174","4696","21","0","24","0","?","0","39","0"
"-295","600","-321","1800","-217","6080","-163","24","-233","2824","-257","2760","-173","8","-264","7880","-163","16","-300","5816","-221","2032","-355","7736","-313","7152","-197","4696","21","0","24","0","?","0","40","24"
"-278","600","-286","1800","-242","6080","-160","24","-235","2824","-261","2760","-175","8","-369","7880","-169","16","-268","5816","-237","2032","-271","7736","-309","7152","-186","4696","21","0","24","0","?","0","41","24"
"-254","600","-251","1800","-270","6080","-159","24","-217","2824","-266","2760","-170","8","-413","7880","-161","16","-241","5816","-221","2032","-269","7736","-243","7152","-171","4696","21","0","24","0","?","0","42","8"
"-273","600","-281","1800","-265","6080","-161","24","-239","2824","-288","2760","-176","8","-330","7880","-168","16","-271","5816","-245","2032","-323","7736","-230","7152","-190","4696","21","0","24","0","?","0","43","16"
"-295","600","-305","1800","-252","6080","-166","24","-266","2824","-291","2760","-173","8","-239","7880","-163","16","-288","5816","-274","2032","-262","7736","-319","7152","-183","4696","22","0","24","0","?","0","44","8"
"-305","600","-294","1800","-249","6080","-172","24","-276","2824","-276","2760","-176","8","-217","7880","-169","16","-278","5816","-270","2032","-197","7736","-370","7152","-179","4696","22","0","24","0","?","0","45","16"
"-308","600","-306","1800","-274","6080","-168","24","-301","2824","-295","2760","-175","8","-241","7880","-162","16","-295","5816","-288","2032","-274","7736","-323","7152","-190","4696","22","0","24","0","?","0","46","8"
"-305","600","-322","1800","-308","6080","-161","24","-327","2824","-330","2760","-170","8","-280","7880","-154","16","-318","5816","-325","2032","-351","7736","-324","7152","-193","4696","22","0","24","0","?","0","47","0"
"-303","600","-319","1800","-301","6080","-163","24","-328","2824","-332","2760","-173","8","-333","7880","-168","16","-312","5816","-320","2032","-307","7736","-361","7152","-195","4696","22","0","24","0","?","0","48","24"
"-316","600","-346","1800","-284","6080","-164","24","-334","2824","-341","2760","-172","8","-377","7880","-157","16","-313","5816","-314","2032","-305","7736","-343","7152","-189","4696","22","0","24","0","?","0","49","8"
"-342","600","-366","1800","-271","6080","-161","24","-341","2824","-360","2760","-176","8","-382","7880","-168","16","-336","5816","-349","2032","-352","7736","-294","7152","-204","4696","22","0","24","0","?","0","50","16"
